Track URI,Track Name,Album Name,Artist Name(s),Release Date,Duration (ms),Popularity,Explicit,Added By,Added At,Genres,Record Label,Danceability,Energy,Key,Loudness,Mode,Speechiness,Acousticness,Instrumentalness,Liveness,Valence,Tempo,Time Signature
spotify:track:12CHYifZr1nmh6andRykpi,"Prato Di Girasoli","Prato Di Girasoli","Nascondiglio",2024-05-03,158079,71,false,,2025-07-24T09:05:55Z,"","Nascondiglio",0.406,0.0167,0,-30.943,1,0.0348,0.994,0.917,0.221,0.256,95.103,4
spotify:track:1zTqMY0pncDuHkLsQp9JHr,"Ryos","Ryos","Xaverius Love",2025-03-21,129444,70,false,,2025-07-24T09:05:55Z,"","Boira Records",0.486,0.0311,7,-36.661,1,0.0708,0.996,0.96,0.122,0.353,129.029,3
spotify:track:5ottoPWbTULvnKU5PSCysf,"Veiled Remembrance","Veiled Remembrance","Mijongya",2024-07-19,172036,72,false,,2025-07-24T09:05:55Z,"","Mijongya",0.422,0.00258,8,-35.266,1,0.0461,0.996,0.941,0.0991,0.231,67.25,4
spotify:track:3KCoT5LkFQKWoHV1rTCjkP,"Arabesco","Arabesco","Lorenzo Fiore",2024-04-26,155943,71,false,,2025-07-24T09:05:55Z,"","Lorenzo Fiore",0.368,0.00394,3,-34.892,1,0.0506,0.991,0.903,0.114,0.139,103.968,4
spotify:track:2l7ROj2BBqVGrIQdVe68vS,"Unvergesslich","Unvergesslich","Lester Dann",2025-01-19,145542,69,false,,2025-07-24T09:05:55Z,"","Chill Palm",0.379,0.00453,0,-36.582,1,0.0415,0.995,0.925,0.0963,0.188,69.137,1
spotify:track:0BDaM0EnJiCl6jmWAIERk3,"Arbor","Arbor","Samuel Kees",2024-02-09,155500,70,false,,2025-07-24T09:05:55Z,"","Labbra Dure",0.352,0.00519,2,-34.359,1,0.0436,0.995,0.963,0.0981,0.414,89.475,4
spotify:track:1ymzdmQYjO3ThdlToYZnTq,"Adieux","Adieux","Ludovico Einaudi",2024-01-05,175492,73,false,,2025-07-24T09:05:55Z,"neoclassical,classical","Decca (UMO) (Classics)",0.225,0.00407,3,-37.107,1,0.0464,0.987,0.936,0.112,0.32,73.595,4
spotify:track:6nLMLEetvwwmZxnENQrQWn,"Torrero","Torrero","Lexi Bradley",2024-12-12,142853,71,false,,2025-07-24T09:05:55Z,"","Lexi Bradley",0.163,0.00283,0,-36.299,1,0.0554,0.983,0.894,0.116,0.256,60.987,3
spotify:track:0YWCYAFinPOcx2CHG0bwr3,"Contemplating the Horizon","Contemplating the Horizon","Saverio Lobeone",2025-05-02,161017,71,false,,2025-07-24T09:05:55Z,"","Kromata Records",0.469,0.0108,7,-38.089,1,0.0505,0.996,0.97,0.0948,0.261,115.848,4
spotify:track:0ve3BKlLTiWplrSO9Jgs0o,"Silence","Silence","Aubrey Lo",2025-02-28,137000,70,false,,2025-07-24T09:05:55Z,"","Firefly Entertainment AB",0.42,0.00285,0,-38.654,1,0.0865,0.994,0.956,0.0867,0.118,73.412,4
spotify:track:6X9DrQLnANiUyPEZxq5f1L,"Signs","Signs","Cole Neumann",2024-11-22,126383,68,false,,2025-07-24T09:05:55Z,"","Cole Neumann",0.366,0.00802,1,-30.924,1,0.0396,0.993,0.96,0.104,0.186,69.061,5
spotify:track:14ef9hqfpbc1aLkDs9gnf8,"Silent Currents","Silent Currents","Sine Hats",2025-04-25,122808,68,false,,2025-07-24T09:05:55Z,"","Sine Hats",0.376,0.00548,4,-33.796,1,0.042,0.993,0.956,0.105,0.166,109.883,4
spotify:track:0FVTRr4Xf05TsboxNTESFI,"fleur au vent","fleur au vent","Ethan Élgar",2025-02-14,156130,70,false,,2025-07-24T09:05:55Z,"","Score a Score",0.378,0.00241,10,-37.964,0,0.0537,0.994,0.949,0.0979,0.0641,68.07,3
spotify:track:6Plm2aAPOdsimkWZiL7VVd,"The Breeze and The Wildflower","The Breeze and The Wildflower","Roasting Coffee Beans",2024-10-02,165625,70,false,,2025-07-24T09:05:55Z,"","Score a Score",0.293,0.00616,3,-40.669,1,0.0566,0.995,0.948,0.108,0.321,68.634,3
spotify:track:4XOrreh4CufJwuUg3p7DuR,"Light","Light","Tankeflukt",2025-06-06,167260,69,false,,2025-07-24T09:05:55Z,"","Tankeflukt",0.292,0.0143,0,-34.426,1,0.0446,0.99,0.951,0.099,0.262,68.098,4
spotify:track:5KX4Iw959UusWyNmqqAYMb,"Contemplazione del Mare","Contemplazione del Mare","Gianni Domenici",2024-08-02,154823,68,false,,2025-07-24T09:05:55Z,"","Juan Antonio García García",0.407,0.0116,1,-30.556,1,0.0442,0.994,0.94,0.114,0.0761,131.781,4
spotify:track:5fGKMCSBHAhRW9923UBO3c,"nocturnal summer","nocturnal summer & road to isabelle","forever day",2024-07-10,157968,69,false,,2025-07-24T09:05:55Z,"","forever day",0.462,0.0168,3,-32.173,1,0.0404,0.988,0.933,0.114,0.115,105.261,4
spotify:track:50G6irpZApduau5QFZhicP,"day by day","day by day","Nature then Nurture",2024-12-01,137647,69,false,,2025-07-24T09:05:55Z,"","Score a Score",0.533,0.00104,10,-38.546,1,0.118,0.995,0.972,0.0985,0.584,69.94,4
spotify:track:3m6dt7vpVFKM6VawzTUSbR,"Meaning Of Life","Meaning Of Life","Our Sense",2025-03-11,154840,68,false,,2025-07-24T09:05:55Z,"","Firefly Entertainment AB",0.528,0.0306,5,-37.904,0,0.0472,0.995,0.955,0.0961,0.198,59.878,4
spotify:track:5tWz0ZTSkBbgDOjKCYUtp6,"Swadhisthana","Swadhisthana","Silicon Silence",2025-03-18,168800,67,false,,2025-07-24T09:05:55Z,"","Silicon Silence",0.415,0.00239,0,-36.613,1,0.0469,0.993,0.968,0.116,0.538,107.567,4
spotify:track:6r3yNcTDGZxBsvUi5hwpOf,"Grounded in Love","Grounded in Love","Rocco",2024-09-24,143625,71,false,,2025-07-24T09:05:55Z,"","Score a Score",0.303,0.0018,6,-37.193,1,0.0537,0.986,0.967,0.141,0.119,121.296,4
spotify:track:6G8LanLXd3GVoae2jwx4bE,"Moving on","Moving on","Tankeflukt",2024-05-10,172180,69,false,,2025-07-24T09:05:55Z,"","Tankeflukt",0.221,0.0332,3,-35.442,1,0.0405,0.992,0.919,0.13,0.2,171.036,4
spotify:track:2ESAE30bJPEvyvfDE5oh1T,"Silent Bloom","Silent Bloom","Aquilegia",2025-06-13,130181,64,false,,2025-07-24T09:05:55Z,"","Aquilegia",0.317,0.00897,1,-36.688,1,0.0356,0.989,0.926,0.103,0.32,73.856,3
spotify:track:3paUjcpKJ910PnpxZJIZfE,"Contradictions","Contradictions","Domi Nova",2025-05-16,183500,66,false,,2025-07-24T09:05:55Z,"","Spirit Of Hule",0.529,0.0119,5,-33.501,1,0.0693,0.994,0.967,0.208,0.257,100.198,4
spotify:track:2hegfLKqobbWtYPg0Z31vm,"Eternal Moon","Eternal Moon","Aurelio Li",2025-06-27,148269,59,false,,2025-07-24T09:05:55Z,"","Boira Records",0.445,0.0218,2,-33.925,1,0.0495,0.996,0.97,0.075,0.469,136.332,4
spotify:track:3a5rAo9zeU1lntg1cMdnBd,"Hiding","Hiding","Hudson Rull",2025-04-11,149866,66,false,,2025-07-24T09:05:55Z,"","Hudson Rull",0.181,0.0295,10,-34.661,0,0.0417,0.99,0.876,0.107,0.0771,176.643,4
spotify:track:3C1YOgC9O7ecXCnlkkQAVR,"Soft Rain","Soft Rain","Saverio Lobeone",2025-07-18,136034,60,false,,2025-07-24T09:05:55Z,"","Kromata Records",0.49,0.0148,9,-32.641,1,0.0431,0.996,0.965,0.0846,0.474,132.563,3
spotify:track:5jQYFxt77oQWFQXbok9jcq,"Celandine","Celandine","Aldo Talete",2025-04-04,190333,67,false,,2025-07-24T09:05:55Z,"","Aldo Talete",0.256,0.00822,5,-32.366,1,0.0399,0.993,0.931,0.113,0.0592,71.357,4
spotify:track:48P8vOmx5edtkwLqeTvqJn,"Blue Hour","Blue Hour","Felix Brightwood",2025-03-07,144960,67,false,,2025-07-24T09:05:55Z,"","Firefly Entertainment AB",0.459,0.00825,5,-33.651,1,0.0608,0.995,0.967,0.125,0.388,122.301,4
spotify:track:2SwptMOjnExmwFIrx1prEw,"chanson de bateau","chanson de bateau","Ethan Élgar",2025-06-13,154838,63,false,,2025-07-24T09:05:55Z,"","Score a Score",0.498,0.0017,6,-37.114,1,0.0742,0.995,0.891,0.0858,0.348,133.32,5
spotify:track:07Z42sQFooVNSyoJjknCDz,"Beginnings","Beginnings","Néer",2024-09-05,136392,66,false,,2025-07-24T09:05:55Z,"","Néer",0.202,0.00516,3,-41.672,1,0.0477,0.992,0.886,0.0928,0.144,68.591,4
spotify:track:72a7BreUstd8JSHbPyMr0d,"Once","Classical Soul Vol. 1","Alexis Ffrench",2024-09-27,125984,67,false,,2025-07-24T09:05:55Z,"neoclassical","Sony Classical",0.338,0.00887,8,-32.602,1,0.0459,0.994,0.957,0.109,0.114,113.173,4
spotify:track:0mhzqS1uEIQm49i8yH7eUh,"In the Quiet Hours","In the Quiet Hours","Harmonic Reverie",2025-05-23,199099,68,false,,2025-07-24T09:05:55Z,"","Harmonic Reverie",0.357,0.0156,6,-38.343,1,0.0376,0.991,0.942,0.108,0.179,125.797,3
spotify:track:0qFkEaASYYsIIQoYlN9SF9,"Petal Drift","Petal Drift","Stone Mirland",2025-06-06,149482,66,false,,2025-07-24T09:05:55Z,"","Stone Mirland",0.351,0.00325,7,-34.543,1,0.0408,0.994,0.942,0.095,0.406,142.501,1
spotify:track:5GZC3EzAtuVtmELebaB5DC,"Inmaterial color","Inmaterial color","Mima Renard",2024-02-23,165215,67,false,,2025-07-24T09:05:55Z,"","Periférica",0.451,0.0316,10,-27.777,0,0.0399,0.994,0.911,0.0994,0.269,63.235,4
spotify:track:57lP0TxQtO4lsBqSEbDOgw,"Les rêveries élusives","Les rêveries élusives","Lara Di Umbra",2024-11-22,143718,66,false,,2025-07-24T09:05:55Z,"","Periférica",0.443,0.0337,0,-31.382,1,0.0365,0.995,0.936,0.128,0.247,47.208,4
spotify:track:5KVFLNcGq5JH0TPfRLLmZZ,"Returning Home","Returning Home","Martes Fiore",2024-12-06,187041,66,false,,2025-07-24T09:05:55Z,"","Martes Fiore",0.393,0.0355,4,-26.846,1,0.043,0.989,0.944,0.106,0.322,68.648,3
spotify:track:6skKXgbwajpTf6czxhF5td,"Memories Of You","Memories Of You","Arlo Thiem",2025-02-14,217000,66,false,,2025-07-24T09:05:55Z,"","Spirit Of Hule",0.433,0.00945,3,-30.719,1,0.0399,0.994,0.957,0.114,0.197,109.425,4
spotify:track:6Qqto6duuFLcAUvTEsacwS,"Cataverdis","Cataverdis","Ren Lockhart",2023-11-19,149629,69,false,,2025-07-24T09:05:55Z,"","Chill Palm",0.414,0.0149,1,-33.573,1,0.0477,0.995,0.963,0.108,0.314,97.29,4
spotify:track:3RI7rnK1YgmyRcXq9pkMqQ,"This Tender Appeal","This Tender Appeal","Allysium",2023-03-24,168498,68,false,,2025-07-24T09:05:55Z,"","Allysium",0.435,0.0404,4,-26.262,1,0.0358,0.984,0.96,0.0952,0.193,95.929,4
spotify:track:5rWsceGlMA0FD647lhEVEX,"Gravity","Gravity","Ole-Bjørn Talstad",2024-10-18,135122,68,false,,2025-07-24T09:05:55Z,"","Yellow Rose Records",0.478,0.0458,8,-29.715,0,0.0345,0.994,0.928,0.0946,0.313,94.359,4
spotify:track:4hhki0inb5KmXcI3gJGXOv,"Silent Steps in the Snow","Silent Steps in the Snow","Gianni Domenici",2024-11-08,144564,65,false,,2025-07-24T09:05:55Z,"","Juan Antonio García García",0.272,0.0183,10,-34.712,0,0.0312,0.972,0.928,0.103,0.0979,81.161,4
spotify:track:55k2hCElfUZ8VBWbKhDEXY,"Tides of Silence","Tides of Silence","Skaresnø",2024-11-08,198102,65,false,,2025-07-24T09:05:55Z,"","Skaresnø",0.356,0.00281,1,-35.661,1,0.0476,0.992,0.949,0.1,0.212,121.209,4
spotify:track:2yssn38qENJXqRlnmxcVzB,"Choose your battles","Choose your battles","Christian Janssen",2024-10-18,131152,65,false,,2025-07-24T09:05:55Z,"","Piano Mosaic",0.481,0.0201,8,-29.461,1,0.0671,0.995,0.954,0.11,0.465,102.64,4
spotify:track:7riO7i4L4lBTjqrkuu4sTv,"In the Stars","In the Stars","Jeremy Mayfield",2024-12-06,156308,65,false,,2025-07-24T09:05:55Z,"","Yellow Rose Records",0.379,0.0814,4,-28.923,0,0.0588,0.994,0.971,0.1,0.323,105.291,3
spotify:track:4xvFnv7jOKavTDsu40BPJk,"Mystical Murmurs","Mystical Murmurs","Mijongya",2024-10-25,187198,66,false,,2025-07-24T09:05:55Z,"","Mijongya",0.198,0.0113,1,-34.14,1,0.0432,0.994,0.948,0.161,0.186,64.767,4
spotify:track:6LUWbk3Zc6571RYApFYoSl,"Beauty","Beauty","Nascondiglio",2024-05-17,166222,66,false,,2025-07-24T09:05:55Z,"","Nascondiglio",0.337,0.00902,1,-34.145,1,0.0416,0.994,0.926,0.195,0.193,139.041,4
spotify:track:7bTycbdDfQELplifneZzJj,"Clouds Coming","Clouds Coming","Martes Fiore",2024-10-25,146500,65,false,,2025-07-24T09:05:55Z,"","Martes Fiore",0.367,0.0162,3,-30.522,1,0.0595,0.996,0.946,0.118,0.455,70.051,4
spotify:track:6AKvBuBdVSf7uDYJYWtWxC,"Cavaria","Cavaria","Shea Ada",2024-05-03,138916,64,false,,2025-07-24T09:05:55Z,"","Shea Ada",0.218,0.0139,8,-37.235,1,0.0435,0.992,0.911,0.111,0.304,201.146,4
spotify:track:3PjllqpJS9qF82x1qxaTGv,"I Believe","I Believe","M. Ljungström",2024-10-04,138057,64,false,,2025-07-24T09:05:55Z,"","M. Ljungström",0.338,0.00942,7,-35.405,1,0.037,0.995,0.832,0.104,0.295,88.74,3
spotify:track:5Tm55bnuYOavqPLbueGYS4,"stargazing","stargazing","Esperance",2024-10-25,140000,64,false,,2025-07-24T09:05:55Z,"","Score a Score",0.4,0.00564,3,-32.933,1,0.0431,0.99,0.903,0.0951,0.166,74.371,3
spotify:track:0ZwtjxyinvQPJy8dZGMXwo,"Three Sleeping Owls","Three Sleeping Owls","Polly Carter",2025-01-31,123250,64,false,,2025-07-24T09:05:55Z,"","Sea Ash Records",0.418,0.0169,8,-26.725,1,0.0463,0.995,0.883,0.108,0.271,82.957,4
spotify:track:657LOljr0QcBwRX1qtWQy6,"As a Rose Blossom","As a Rose Blossom","Emile Cerise",2024-10-11,131433,68,false,,2025-07-24T09:05:55Z,"","Emile Cerise",0.433,0.0141,1,-29.061,0,0.0525,0.995,0.92,0.108,0.276,79.224,4
spotify:track:7yw6puga275rUZa82ItJy8,"I Dare Not Dream: Fantasia on a Theme","I Dare Not Dream: Fantasia on a Theme","Mírabilis",2024-09-27,174532,64,false,,2025-07-24T09:05:55Z,"","Mírabilis",0.377,0.0142,5,-31.297,1,0.0454,0.995,0.938,0.0999,0.334,67.922,5
spotify:track:4ert3RkJ8MenB9f4AQtFTl,"A Quiet Morning","A Quiet Morning","Sulman Indigo",2024-10-11,138642,64,false,,2025-07-24T09:05:55Z,"","Sulman Indigo",0.307,0.0206,7,-30.44,1,0.0423,0.988,0.842,0.108,0.123,63.386,5
spotify:track:31qeus61ieZE3s9VU3OOPU,"The Story of Forever","The Story of Forever","Aquilegia",2024-08-09,223494,68,false,,2025-07-24T09:05:55Z,"","Aquilegia",0.372,0.00707,9,-32,1,0.0379,0.989,0.88,0.0928,0.328,116.914,3
spotify:track:3HJImjLAcnltzIkexQIsJR,"For Asher","For Asher","Glenn Natale",2024-09-06,193228,64,false,,2025-07-24T09:05:55Z,"","Yellow Rose Records",0.428,0.0708,0,-27.392,1,0.0328,0.984,0.939,0.0991,0.337,74.489,4
spotify:track:4VCdqcivjBs1bfQAGB54rQ,"Biassono","Biassono","Joviano Carrera",2024-05-17,151923,67,false,,2025-07-24T09:05:55Z,"","Joviano Carrera",0.455,0.0143,9,-35.778,1,0.0377,0.993,0.94,0.112,0.354,118.043,4
spotify:track:7l9kf2CXBDtvOMIRB23H5N,"Future 未来","Future 未来","Li Zemin",2024-05-10,196556,64,false,,2025-07-24T09:05:55Z,"","Li Zemin",0.305,0.0131,1,-33.875,1,0.0335,0.992,0.952,0.0948,0.214,173.504,4
spotify:track:3inyKRu1a4IJDE9RUEcfKd,"A New Start","A New Start","Ferragno",2024-08-18,155039,64,false,,2025-07-24T09:05:55Z,"","Chill Palm",0.35,0.015,8,-28.47,1,0.0509,0.994,0.958,0.115,0.293,124.784,4
spotify:track:0QzBw7xBO5q6plc8hX5z7B,"Endlich","Endlich","Arata Rin",2024-03-31,130246,67,false,,2025-07-24T09:05:55Z,"","Chill Palm",0.499,0.06,9,-28.63,1,0.0549,0.994,0.967,0.0975,0.348,123.102,4
spotify:track:078tv0fBjcReoPb9IL97b7,"Fall a hundred times","Fall a hundred times","Maya Sarfatto",2023-09-29,136658,68,false,,2025-07-24T09:05:55Z,"","Maya Sarfatto",0.28,0.0117,8,-31.752,1,0.0409,0.992,0.926,0.0954,0.184,148.882,4
spotify:track:3GF4u2VOhdmr3qTpACIVmm,"Seasons Flowing","Seasons Flowing","Fleur Bloom",2024-09-30,150000,64,false,,2025-07-24T09:05:55Z,"","Score a Score",0.146,0.00895,10,-37.295,1,0.0436,0.979,0.896,0.0976,0.0792,78.625,4
spotify:track:2ccbSytqRFWAl5WSFZbZmC,"Falling Rain","Falling Rain","Matthew L. Fisher",2024-08-12,158062,64,false,,2025-07-24T09:05:55Z,"","Score a Score",0.433,0.0211,4,-28.583,1,0.0761,0.988,0.967,0.11,0.34,62.563,4
spotify:track:2wzELGqAgBigmgI0VdkRnx,"Communion","Communion","Stephan Moccio",2024-03-15,255400,64,false,,2025-07-24T09:05:55Z,"","Decca (UMO) (Classics)",0.321,0.00912,10,-33.262,0,0.0381,0.992,0.917,0.1,0.196,127.523,3
spotify:track:01hiTwznescgIbY9PAUVUz,"In Presence","In Presence","Dean Demir",2024-03-29,173862,67,false,,2025-07-24T09:05:55Z,"","Dean Demir",0.381,0.0278,0,-34.212,1,0.0307,0.989,0.925,0.0927,0.147,106.256,4
spotify:track:3nb0mXvI0kiyo4dQUZx1Tj,"Fjord","Fjord","Eyøni",2024-07-30,157500,64,false,,2025-07-24T09:05:55Z,"","Score a Score",0.478,0.0208,1,-26.494,1,0.0446,0.992,0.879,0.092,0.269,69.726,4
spotify:track:6R1H9Z89KDuRtt8h9PvKeu,"frozen kiss","frozen kiss & imperfect love","everall",2024-07-16,161934,63,false,,2025-07-24T09:05:55Z,"","everall",0.557,0.00521,2,-27.402,1,0.0513,0.993,0.944,0.112,0.27,96.907,4
spotify:track:5OwbUwe2qFPQ1iUSosmR9u,"Elegy Of Solace","Elegy Of Solace","Una Luna",2024-04-19,158374,66,false,,2025-07-24T09:05:55Z,"","Peace Force Rec",0.436,0.0185,8,-28.155,1,0.0389,0.995,0.934,0.0981,0.331,110.446,4
spotify:track:1LlWrUUgRE2Mqxdbcpj6NF,"Morning Dew","Morning Dew","Blue George",2024-07-28,159753,63,false,,2025-07-24T09:05:55Z,"","Chill Palm",0.295,0.0175,0,-29.427,1,0.0432,0.983,0.941,0.118,0.16,178.769,3
spotify:track:2Z66nkKa3VNgWEth3shaNe,"Mavro","Mavro","Niamh Shona",2024-04-26,173136,64,false,,2025-07-24T09:05:55Z,"","Niamh Shona",0.313,0.00661,4,-39.292,0,0.0524,0.994,0.933,0.102,0.318,110.931,4
spotify:track:5vC5C7G92VJ4s9lXqtOXKY,"Before You","Before You","Andrea Prine",2024-02-02,142582,64,false,,2025-07-24T09:05:55Z,"","Andrea Prine",0.391,0.0507,10,-32.078,1,0.0403,0.989,0.931,0.0953,0.3,129.442,4
spotify:track:7A5KsH4tO6rdv4RN3qNzUu,"to be better again","to be better again","Lonesome Mind",2024-07-18,150000,66,false,,2025-07-24T09:05:55Z,"","Score a Score",0.385,0.00218,2,-36.653,1,0.0632,0.995,0.966,0.0884,0.124,101.94,4
spotify:track:1Q2ih8UwOirSbXp9Nb4QV4,"A quiet river","A quiet river","Christian Janssen",2024-03-15,122445,64,false,,2025-07-24T09:05:55Z,"","Piano Mosaic",0.457,0.00836,7,-28.733,1,0.0395,0.995,0.955,0.0857,0.285,54.621,4
spotify:track:0y4oznUeCBGiTZou3hmimL,"Solace","Solace","Dunham Froebel",2024-04-12,129373,64,false,,2025-07-24T09:05:55Z,"","Spirit Of Hule",0.397,0.0213,0,-29.817,1,0.0517,0.994,0.954,0.114,0.0946,101.268,4
spotify:track:6Dn5BgAw5vgo6R5z9U6nEl,"Nouveau Départ","Nouveau Départ","Mes Croquis",2024-04-12,151846,64,false,,2025-07-24T09:05:55Z,"","Mes Croquis",0.413,0.0335,8,-25.915,1,0.0374,0.995,0.944,0.108,0.211,74.535,4
spotify:track:1vwLrgMsd1sCPpXTzXxuBL,"Notturno","Notturno","Finja Seiden",2024-03-15,191730,66,false,,2025-07-24T09:05:55Z,"","Labbra Dure",0.478,0.00616,2,-30.795,1,0.0385,0.995,0.947,0.107,0.142,51.05,4
spotify:track:5VWbXmisFDNGzh1kcXouTR,"Daydreamer","Daydreamer","Noah Hart",2024-03-01,156500,64,false,,2025-07-24T09:05:55Z,"","Noah Hart",0.464,0.0135,3,-33.119,1,0.0506,0.995,0.846,0.126,0.169,72.399,3
spotify:track:1UUwFKaZ1Z8QPp5sstWltL,"Almenno San Salvatore","Almenno San Salvatore","Rhian Cadogan",2024-04-26,167189,64,false,,2025-07-24T09:05:55Z,"","Rhian Cadogan",0.434,0.012,2,-35.826,1,0.0321,0.992,0.896,0.106,0.293,107.437,4
spotify:track:11kyoJkQePM8zW2kEozhFu,"Resta Con Me","Resta Con Me","Valentina Romano",2024-03-29,129468,65,false,,2025-07-24T09:05:55Z,"","Valentina Romano",0.458,0.0615,0,-29.111,1,0.0381,0.991,0.942,0.102,0.233,116.695,4
spotify:track:5Q3Ap0awH9ziePtPXhxWEB,"Almost April","Almost April","Florentin Davies",2024-04-26,173133,64,false,,2025-07-24T09:05:55Z,"","Florentin Davies",0.43,0.0688,7,-27.394,1,0.0268,0.99,0.909,0.107,0.214,83.573,4
spotify:track:3xdDoLDyvsMgyl1BwVaZ5E,"Diaphanous","Diaphanous","Arden Brooks",2023-11-13,173520,63,false,,2025-07-24T09:05:55Z,"","Arden Brooks",0.383,0.0185,2,-32.031,1,0.04,0.993,0.943,0.104,0.148,104.922,4
spotify:track:7yQvxdXqotBSRCAYOIOGVt,"Autumn Sky","Autumn Sky","Vincent Fanguro",2023-09-27,158723,64,false,,2025-07-24T09:05:55Z,"","Vincent Fanguro",0.537,0.00685,1,-31.067,1,0.0819,0.995,0.969,0.105,0.174,77.963,4
spotify:track:62T1anGMtce8jCIdXIQRvL,"Spring Roses","Spring Roses","Ren Lockhart",2024-03-31,161765,63,false,,2025-07-24T09:05:55Z,"","Chill Palm",0.511,0.00638,1,-25.942,1,0.0344,0.991,0.958,0.0995,0.626,62.788,4
spotify:track:5JVDIP9IBy6DJB6SVFTX5T,"Muse Of History","Muse Of History","Roland Toubin",2023-09-29,141814,65,false,,2025-07-24T09:05:55Z,"","Roland Toubin",0.368,0.0105,5,-32.672,1,0.0472,0.988,0.93,0.109,0.255,101.337,3
spotify:track:57udUUmrolC21iP6xtgNBU,"Dalmine","Dalmine","Lakes of Lagan",2024-04-26,207386,65,false,,2025-07-24T09:05:55Z,"","Lakes of Lagan",0.472,0.0021,5,-39.726,1,0.0555,0.995,0.952,0.083,0.214,108.013,4
spotify:track:79V5WPD3ZmojHUlRIhD2FG,"190306-11","Soukou","Hideyuki Hashimoto",2019-10-16,155533,63,false,,2025-07-24T09:05:55Z,"japanese classical","Shihen",0.431,0.0203,9,-27.757,1,0.0484,0.993,0.94,0.0906,0.266,175.441,3
spotify:track:3pfjdDVdlQzUjJaw75NvhE,"Bona Fide","Bona Fide","Linn Hope",2023-12-01,157860,63,false,,2025-07-24T09:05:55Z,"","Linn Hope",0.366,0.0161,2,-35.317,1,0.0343,0.994,0.943,0.101,0.232,126.935,4
spotify:track:6GRjlkZ7MxKtRC4jsJzQxv,"Window Seat","Window Seat","Dwight Rivera",2023-10-01,145120,62,false,,2025-07-24T09:05:55Z,"","Chill Palm",0.513,0.0144,10,-24.793,1,0.0396,0.982,0.941,0.0982,0.244,69.035,4
spotify:track:0jFnlaavbGTER2XNnUztEF,"Brume Matinale","Brume Matinale","Valter Soll",2023-11-24,166910,64,false,,2025-07-24T09:05:55Z,"","Valter Soll",0.498,0.0271,7,-26.316,1,0.0359,0.994,0.917,0.107,0.226,63.969,3
spotify:track:5tC7qnCutl9HLMAOeUaZxo,"Dreamt far hope...","Dreamt far hope...","North Connolly",2023-09-01,139515,63,false,,2025-07-24T09:05:55Z,"","Calm Lands Music",0.386,0.0124,3,-29.991,1,0.0376,0.987,0.913,0.105,0.107,111.643,4
spotify:track:6fHq66kBS2OJiWu3ZGNZj9,"Le Recueillement","Le Recueillement","Abelin Lagarde",2023-12-01,147098,64,false,,2025-07-24T09:05:55Z,"","Abelin Lagarde",0.462,0.0298,5,-35.15,1,0.0323,0.993,0.942,0.107,0.161,114.649,4
spotify:track:391l8re8aew1rvyNOXUYDD,"Nostalgia","Nostalgia","Floyd Nova",2023-11-17,172500,64,false,,2025-07-24T09:05:55Z,"","Spirit Of Hule",0.393,0.0156,3,-25.533,1,0.0369,0.995,0.947,0.109,0.354,72.845,4
spotify:track:3IwddX0zjnQ7am17WdP66M,"Peace flow","Peace flow","Jon Albreit",2023-11-03,137692,64,false,,2025-07-24T09:05:55Z,"","Blue Fries Records",0.364,0.00778,6,-33.944,1,0.0385,0.993,0.882,0.106,0.0917,111.421,4
spotify:track:4fG5KccAJKYk1EguGbGKt0,"Serene","Serene","Will Kaufman",2023-10-11,146745,64,false,,2025-07-24T09:05:55Z,"","Will Kaufman",0.525,0.0045,0,-36.824,1,0.0547,0.99,0.967,0.113,0.207,99.734,4
spotify:track:3ANR14gcrMm6asGMNVhivt,"Come close","Come close","Korey Banks",2023-11-24,170500,63,false,,2025-07-24T09:05:55Z,"","Montagne Flum",0.624,0.042,7,-26.379,1,0.0557,0.992,0.944,0.113,0.594,111.45,4
spotify:track:2BbH50TRv9Qel8dnaE06wm,"Grand Canyon","Grand Canyon","Ivan Vladusic",2023-11-24,170641,62,false,,2025-07-24T09:05:55Z,"","Ivan Vladusic",0.468,0.0598,11,-26.863,1,0.0418,0.993,0.929,0.11,0.647,128.215,4
spotify:track:4QfPxrgEAfWt0DEjrR1CXw,"Ellie","Ellie","Aeyes Libe",2023-09-28,178000,62,false,,2025-07-24T09:05:55Z,"","Peace Force Rec",0.513,0.0257,11,-26.967,1,0.0424,0.993,0.961,0.0998,0.285,108.7,4
spotify:track:5LmaeC0bRQqaHtK781KOhD,"Archipelago","Archipelago","Damien Jeunet",2023-12-29,158000,65,false,,2025-07-24T09:05:55Z,"","Montagne Flum",0.454,0.0299,0,-26.691,1,0.0304,0.991,0.836,0.117,0.413,67.129,4
spotify:track:0X3mDFl8poPzyNQmrTe9fr,"Afterlight","Afterlight","Arlo Thiem",2023-09-29,200250,67,false,,2025-07-24T09:05:55Z,"","Spirit Of Hule",0.383,0.0143,1,-30.279,1,0.0444,0.993,0.914,0.0975,0.183,71.029,3
spotify:track:7IrrIzxSk3OO48hW6dpEus,"To New Beginnings","To New Beginnings","Una Luna",2023-09-29,129250,62,false,,2025-07-24T09:05:55Z,"","Peace Force Rec",0.363,0.0746,4,-27.182,1,0.0363,0.993,0.952,0.105,0.304,111.604,4
spotify:track:7iTKgLh1OzQHw1TwYFSMGa,"Sanctuary","Sanctuary","Floyd Nova",2023-06-02,151750,64,false,,2025-07-24T09:05:55Z,"","Spirit Of Hule",0.398,0.00578,6,-25.436,1,0.0464,0.993,0.969,0.102,0.27,57.701,4
spotify:track:6xld6bFu5ST7nickcSK1lP,"Wish","Wish","Domi Nova",2023-12-01,168250,64,false,,2025-07-24T09:05:55Z,"","Spirit Of Hule",0.45,0.016,4,-28.455,0,0.0416,0.995,0.972,0.124,0.319,93.405,3
spotify:track:7J9IGMMsPyzWh2trBv6OQT,"The Coming Day","The Coming Day","Jack Pelayo",2023-09-29,152518,62,false,,2025-07-24T09:05:55Z,"","Jack Pelayo",0.487,0.0655,5,-24.112,0,0.0812,0.996,0.861,0.106,0.768,118.968,4
spotify:track:61PEtXxbmpaVQDRNxcE0IJ,"Just Stay","Just Stay","Tristaan Wilkes",2023-09-29,123216,62,false,,2025-07-24T09:05:55Z,"","Tristaan Wilkes",0.322,0.0203,0,-31.473,1,0.0363,0.993,0.919,0.189,0.145,67.521,4
spotify:track:38GNL3kBcQafMTKT5tom7c,"Fields Of Love","Fields Of Love","Reinhard Krause",2023-09-26,137743,64,false,,2025-07-24T09:05:55Z,"","Reinhard Krause",0.495,0.0113,2,-31.867,1,0.052,0.996,0.969,0.109,0.144,111.624,3
spotify:track:04i9TIi97Aoh1xjrCCM0aI,"Full Bloom","Full Bloom","Allysium",2023-09-29,142763,62,false,,2025-07-24T09:05:55Z,"","Allysium",0.378,0.0682,2,-24.444,1,0.0589,0.995,0.946,0.11,0.344,91.987,4
spotify:track:4zLErnaWoRXh91YcWZ2LKy,"Sound Of Mind","Sound Of Mind","Macan Moreira",2023-07-14,122998,63,false,,2025-07-24T09:05:55Z,"","Calm Lands Music",0.418,0.0373,4,-23.378,1,0.0399,0.985,0.96,0.101,0.135,143.827,3
spotify:track:5cm73dj9ydNYALjjUOVPhu,"Deja","Deja","Taganema",2023-06-09,145529,62,false,,2025-07-24T09:05:55Z,"","Taganema",0.396,0.0424,1,-26.712,1,0.0447,0.991,0.961,0.148,0.166,63.206,4
spotify:track:42cskWMuFydbI9f9um1sTj,"Nordanvind","Nordanvind","Malmkvist",2023-01-20,127000,64,false,,2025-07-24T09:05:55Z,"","Labbra Dure",0.265,0.0119,3,-33.766,1,0.0526,0.991,0.946,0.097,0.35,99.932,5
spotify:track:0kpHSnJTru2qYTk0WFDsyA,"Fiume","Fiume","Carluccio",2023-03-10,140124,64,false,,2025-07-24T09:05:55Z,"","Carluccio",0.361,0.0649,1,-23.25,1,0.0281,0.984,0.933,0.111,0.354,77.486,4
spotify:track:6zo1cdRzbCvGZmJVJEk8TS,"Onward","Onward","Remi Sinclair",2023-05-12,134000,63,false,,2025-07-24T09:05:55Z,"","Montagne Flum",0.509,0.0154,9,-30.485,0,0.0588,0.99,0.927,0.185,0.37,132.55,4
spotify:track:5IevvlxHT4pygUgmZlxhNy,"Valse Naturelle","Valse Naturelle","Etienne Balestre",2023-05-05,139624,62,false,,2025-07-24T09:05:55Z,"","Fergus & Fish",0.35,0.0617,3,-26.752,1,0.034,0.975,0.935,0.117,0.0931,112.155,4
spotify:track:5w3O0ONMHCM9YmTS96fplL,"Without End","Without End","Aksel Krystad",2023-11-24,132416,62,false,,2025-07-24T09:05:55Z,"","Andante Piano",0.529,0.0103,1,-35.011,1,0.0304,0.995,0.938,0.0958,0.281,95.031,1
spotify:track:4k8N1HD7vWq4Hg02QfnesO,"Languor","Kalmte","Barry Hudson-Taylor",2023-09-15,141736,63,false,,2025-07-24T09:05:55Z,"","Moderna Records",0.327,0.0335,7,-29.57,1,0.0526,0.99,0.948,0.0882,0.103,56.068,5
spotify:track:7JuANIIOksqHRFXgE8tEld,"Lisser","Lisser","Miran",2023-03-03,125041,64,false,,2025-07-24T09:05:55Z,"","Miran",0.325,0.0615,4,-27.534,1,0.0352,0.984,0.923,0.082,0.312,94.597,3
spotify:track:2rKZQMBtx1T2c4jCngqU51,"Beauty","Beauty","Oscar Mallen",2023-04-14,156000,63,false,,2025-07-24T09:05:55Z,"","Aemeralds GmbH",0.41,0.0259,2,-29.583,1,0.0404,0.991,0.956,0.107,0.182,89.591,4
spotify:track:5VKVUectaKrr9Mq9m3fnWT,"Sonnet 1","Sonnet 1","Frederico Morales",2023-06-23,131451,62,false,,2025-07-24T09:05:55Z,"","Frederico Morales",0.51,0.108,5,-22.334,1,0.0345,0.973,0.968,0.11,0.286,100.176,3
spotify:track:4U9X7vhbPaRiYihnQOSyj5,"Felt Improv No. 4","Felt Improv No. 4","Elias Kiefer",2023-09-08,125500,62,false,,2025-07-24T09:05:55Z,"","Andante Piano",0.332,0.0402,6,-30.234,1,0.0383,0.992,0.942,0.124,0.246,78.327,5
spotify:track:4EIbWNNAT3TqvzflNhGKyU,"Pines and Cedars","Pines and Cedars","Maya Sarfatto",2023-02-10,150898,65,false,,2025-07-24T09:05:55Z,"","Maya Sarfatto",0.439,0.0237,6,-30.434,1,0.0397,0.994,0.938,0.0969,0.16,113.805,4
spotify:track:4GpRhtTwljdnKpVEiFlJv9,"Peggy's Cove","Peggy's Cove","Sarah Watson",2023-06-30,135344,63,false,,2025-07-24T09:05:55Z,"","Aemeralds GmbH",0.417,0.0858,0,-26.549,1,0.0375,0.994,0.942,0.0947,0.218,77.104,3
spotify:track:67ntAUXUgYdO3YUt04zk5E,"A Time Long Ago","A Time Long Ago","Polly Carter",2023-05-05,135105,63,false,,2025-07-24T09:05:55Z,"","1631 Recordings",0.324,0.00716,0,-28.57,1,0.0356,0.99,0.904,0.14,0.158,93.152,4
spotify:track:2doa89JBg5ZXBKcMNZnIu2,"One More Story","Songs Of Sundown","Comet Blue",2023-12-22,140625,63,false,,2025-07-24T09:05:55Z,"tropical house","Cost Plus Creative B.V.",0.406,0.0737,11,-26.17,1,0.0346,0.993,0.935,0.0907,0.425,112.784,4
spotify:track:5HbLcDxxjtJ0800p6RjoeH,"Evening Star","Evening Star","Ron Adelaar",2023-06-16,128724,63,false,,2025-07-24T09:05:55Z,"","Andante Piano",0.327,0.0191,8,-27.091,1,0.0305,0.992,0.928,0.109,0.151,166.839,3
spotify:track:0uSyj4g5Qh5zCcbyMJufbY,"Noktúrna - Upright Piano","Noktúrna Variations","Gabríel Ólafs",2023-09-22,122000,62,false,,2025-07-24T09:05:55Z,"neoclassical","Decca Records US",0.434,0.041,9,-29.138,0,0.0344,0.986,0.937,0.101,0.16,60.233,3
spotify:track:0WM2fu4FoREAkHiD25SAOj,"Les Soir","Les Soir","Mes Croquis",2023-06-09,144875,63,false,,2025-07-24T09:05:55Z,"","Mes Croquis",0.467,0.0308,3,-25.797,1,0.0412,0.994,0.944,0.107,0.192,67.32,4
spotify:track:1DeFsFITQCaI7J881M33W9,"Mercury","Mercury","Ivan Malik",2023-04-14,180874,62,false,,2025-07-24T09:05:55Z,"","Labbra Dure",0.265,0.0104,8,-32,1,0.0411,0.992,0.911,0.115,0.115,81.119,5
spotify:track:2t9Fi5LCyFyha1EfaPqVD9,"Release from silence","Release from silence","Patrick Buote",2023-02-17,137642,63,false,,2025-07-24T09:05:55Z,"","Patrick Buote",0.243,0.0101,1,-29.778,1,0.0401,0.976,0.908,0.0981,0.127,172.937,4
spotify:track:3Q1HOPyyOPygEkiF5j8TDL,"Light of wintertime","Light of wintertime","Josephe Burke",2023-06-30,131295,63,false,,2025-07-24T09:05:55Z,"","Calm Lands Music",0.455,0.0229,5,-25.504,1,0.0356,0.991,0.841,0.103,0.118,76.798,3
spotify:track:5aqsEPDq44asJ3eJDlYq1F,"Printemps","Printemps","Les Rêveries",2023-05-05,137424,62,false,,2025-07-24T09:05:55Z,"","Les Reveries",0.499,0.0613,3,-23.777,1,0.0471,0.988,0.946,0.112,0.243,75.102,4
spotify:track:0y7I045qDUH1carkgTB2UG,"Turn","Under","Hideyuki Hashimoto",2023-06-30,159000,63,false,,2025-07-24T09:05:55Z,"japanese classical","Moderna Records",0.377,0.0751,3,-32.408,0,0.0293,0.989,0.908,0.0631,0.516,141.654,4
spotify:track:7jUgBIVfc6C2YfFqFmETxz,"Air from Air","Air from Air","Yasuo Zen",2023-03-03,199428,63,false,,2025-07-24T09:05:55Z,"","Calm Lands Music",0.538,0.0101,6,-29.191,1,0.0363,0.995,0.942,0.088,0.481,68.322,4
spotify:track:3c2mI16b5l3zEPNsNdWqSf,"Candles","Candles","Anthony Jacobus",2023-06-30,172399,63,false,,2025-07-24T09:05:55Z,"","Andante Piano",0.448,0.00919,7,-27.355,1,0.0425,0.991,0.952,0.105,0.0953,124.602,5
spotify:track:0Y8MBkgAK872pVX48wWpL5,"Azalea","Azalea","Chad Hammond",2023-04-28,143750,63,false,,2025-07-24T09:05:55Z,"","Labbra Dure",0.351,0.0335,7,-30.558,1,0.033,0.992,0.919,0.087,0.24,94.378,3
spotify:track:3cn7PHrN7FdhOrH2wqPeKe,"Lofoten","Lofoten","Otto Noir",2023-05-05,161913,62,false,,2025-07-24T09:05:55Z,"","Otto Noir",0.292,0.0747,1,-30.565,1,0.04,0.993,0.894,0.106,0.409,87.915,4
spotify:track:3SV20Qhy0Ttd1f8fIZQiUT,"Muse","Muse","Ina Lawson",2023-04-28,133375,64,false,,2025-07-24T09:05:55Z,"","Ina Lawson",0.43,0.00699,10,-27.595,1,0.0447,0.993,0.953,0.105,0.19,76.73,1
spotify:track:6eir7TDacjXjFscPxDFHC4,"The Tree","The Tree","Ludovico Einaudi",2023-01-06,199166,66,false,,2025-07-24T09:05:55Z,"neoclassical,classical","Decca (UMO) (Classics)",0.316,0.00329,5,-38.901,1,0.0482,0.994,0.957,0.0933,0.415,90.804,4
spotify:track:0eMa3P0kQJjYqguUgKFt4y,"A Place To Hide","A Place To Hide","Boil The Ocean",2023-03-03,147507,61,false,,2025-07-24T09:05:55Z,"","Boil The Ocean",0.435,0.0405,2,-25.515,1,0.0313,0.992,0.905,0.0954,0.129,78.151,4
spotify:track:7F6hlMdM7OrUw8C1W4pjAC,"Poesia","Poesia","Fernando Alegre",2023-01-20,125248,63,false,,2025-07-24T09:05:55Z,"","Fernando Alegre",0.641,0.0114,6,-27.475,1,0.0458,0.996,0.964,0.106,0.483,80.989,3
spotify:track:2oafUifmaR1uBS3o9o7uLO,"Quiet Eyes","Quiet Eyes","Davignon",2023-02-24,141451,64,false,,2025-07-24T09:05:55Z,"","Davignon",0.345,0.0305,6,-24.169,0,0.0326,0.987,0.935,0.1,0.137,162.612,4
spotify:track:5gbZe9oyXXQDMLXFGsR4YC,"Through The Blue - Piano Version","Through The Blue (Piano Version)","Roger Eno",2023-03-29,225494,64,false,,2025-07-24T09:05:55Z,"ambient,neoclassical,minimalism","Deutsche Grammophon (DG)",0.441,0.00957,7,-26.839,1,0.0308,0.987,0.884,0.0954,0.373,75.403,4
spotify:track:1KCIBiCtznGzZWuB1IWHJk,"Gently falling rain","Gently falling rain","Ivan Blois",2023-03-24,127500,61,false,,2025-07-24T09:05:55Z,"","Montagne Flum",0.557,0.0177,7,-26.803,1,0.0564,0.995,0.965,0.0996,0.397,135.228,4
spotify:track:1g3qZv1GGqwMBrXzogTpTx,"fields of forever - sleep rework","fields of forever (sleep rework)","Chad Lawson",2023-02-17,221702,63,false,,2025-07-24T09:05:55Z,"neoclassical,minimalism","Chad Lawson Decca US",0.663,0.0132,10,-33.243,1,0.046,0.995,0.953,0.0887,0.327,120.107,4
spotify:track:0tMRFAZNW3Mu4cMV0QUw0Q,"Sou","Sou","Hideyuki Hashimoto",2023-06-09,123000,62,false,,2025-07-24T09:05:55Z,"japanese classical","Moderna Records",0.438,0.0928,1,-28.437,1,0.0304,0.991,0.953,0.105,0.347,137.22,4
spotify:track:3iTgM3cDPpZCQ4GL1pP0Ss,"Act Of Reconciling","Act Of Reconciling","Herbe Matin",2022-12-23,143400,64,false,,2025-07-24T09:05:55Z,"","Herbe Matin",0.469,0.0029,8,-40.436,1,0.0525,0.992,0.939,0.135,0.509,116.219,4
spotify:track:244BGt6n916G7NdoOUKSsX,"Take care","Take care","Wilson Trouvé",2023-01-20,128931,62,false,,2025-07-24T09:05:55Z,"neoclassical","Wilson Trouve",0.412,0.0451,5,-30.732,1,0.0419,0.992,0.932,0.103,0.762,170.149,3
